customer_id,customer_name,industry_segment,region,priority_tier,credit_limit,contract_type,since_year
1,CUST-001,Consumer,Asia,Silver,500000,Annual,2019
2,CUST-002,Aerospace,Central-EU,Gold,50000,Spot,2023
3,CUST-003,Energy,East-EU,Silver,50000,Framework,2016
4,CUST-004,Energy,Americas,Bronze,500000,Annual,2019
5,CUST-005,Automotive,Central-EU,Bronze,50000,Framework,2022
6,CUST-006,Consumer,East-EU,Bronze,50000,Framework,2020
7,CUST-007,Automotive,West-EU,Silver,50000,Framework,2019
8,CUST-008,Automotive,West-EU,Bronze,100000,Annual,2017
9,CUST-009,Consumer,East-EU,Silver,50000,Spot,2019
10,CUST-010,Consumer,Asia,Gold,500000,Annual,2023
11,CUST-011,Automotive,Americas,Silver,500000,Framework,2015
12,CUST-012,Automotive,Asia,Silver,500000,Spot,2020
13,CUST-013,Machinery,West-EU,Bronze,500000,Spot,2017
14,CUST-014,Aerospace,East-EU,Bronze,50000,Framework,2016
15,CUST-015,Automotive,Americas,Silver,500000,Spot,2015
16,CUST-016,Automotive,West-EU,Silver,50000,Framework,2022
17,CUST-017,Consumer,Central-EU,Bronze,50000,Spot,2021
18,CUST-018,Consumer,Americas,Bronze,500000,Framework,2021
19,CUST-019,Consumer,Americas,Gold,100000,Spot,2016
20,CUST-020,Automotive,Asia,Bronze,250000,Annual,2020
21,CUST-021,Automotive,Americas,Gold,500000,Framework,2015
22,CUST-022,Automotive,West-EU,Bronze,100000,Annual,2023
23,CUST-023,Machinery,Asia,Gold,50000,Annual,2015
24,CUST-024,Automotive,Central-EU,Bronze,500000,Annual,2016
25,CUST-025,Aerospace,West-EU,Gold,100000,Framework,2020
26,CUST-026,Energy,East-EU,Silver,500000,Framework,2020
27,CUST-027,Energy,West-EU,Bronze,250000,Spot,2018
28,CUST-028,Energy,East-EU,Silver,250000,Annual,2023
29,CUST-029,Automotive,West-EU,Silver,250000,Annual,2023
30,CUST-030,Energy,West-EU,Gold,50000,Framework,2017
