product_id,product_code,category,unit_weight_kg,standard_cost,list_price,abc_class,hazardous,shelf_life_days
1001,FAS-01,Fasteners,11.0,6.98,14.47,C,1,365
1002,FAS-02,Fasteners,19.66,6.93,9.81,B,0,9999
1003,FAS-03,Fasteners,16.11,7.67,15.65,B,0,90
1004,FAS-04,Fasteners,20.7,3.79,7.08,C,0,365
1005,FAS-05,Fasteners,22.33,7.87,15.74,A,0,180
1006,FAS-06,Fasteners,17.09,4.19,8.26,C,0,90
1007,FAS-07,Fasteners,11.77,5.17,7.6,A,0,180
1008,FAS-08,Fasteners,10.96,6.51,13.34,C,0,90
1009,BEA-01,Bearings,20.13,43.47,71.67,B,0,365
1010,BEA-02,Bearings,0.23,26.4,53.02,C,0,90
1011,BEA-03,Bearings,11.5,42.08,76.24,A,1,180
1012,BEA-04,Bearings,14.15,33.72,67.05,C,0,365
1013,BEA-05,Bearings,7.63,36.1,47.93,B,0,180
1014,BEA-06,Bearings,5.89,44.04,59.56,B,0,180
1015,BEA-07,Bearings,13.95,38.87,77.95,C,0,180
1016,BEA-08,Bearings,0.62,25.51,35.23,C,0,9999
1017,CAS-01,Casings,12.55,67.61,97.16,C,0,90
1018,CAS-02,Casings,15.78,77.71,126.33,A,1,180
1019,CAS-03,Casings,22.72,125.26,241.72,B,0,180
1020,CAS-04,Casings,11.26,107.62,166.27,A,0,9999
1021,CAS-05,Casings,5.1,88.82,139.92,C,0,180
1022,CAS-06,Casings,18.0,110.61,186.81,C,0,9999
1023,CAS-07,Casings,2.16,102.79,172.09,A,0,90
1024,CAS-08,Casings,2.63,66.41,121.46,A,0,180
1025,ELE-01,Electronics,8.7,146.75,268.82,A,0,180
1026,ELE-02,Electronics,2.11,168.54,292.92,B,0,180
1027,ELE-03,Electronics,11.86,145.75,224.5,B,0,9999
1028,ELE-04,Electronics,20.67,86.33,181.86,A,0,180
1029,ELE-05,Electronics,16.82,95.73,148.68,C,0,9999
1030,ELE-06,Electronics,22.9,95.64,144.15,A,0,9999
1031,ELE-07,Electronics,20.75,124.06,251.52,B,0,365
1032,ELE-08,Electronics,6.44,139.63,299.15,A,1,180
1033,HYD-01,Hydraulics,24.81,218.32,459.02,C,0,90
1034,HYD-02,Hydraulics,7.93,233.39,465.57,C,0,9999
1035,HYD-03,Hydraulics,18.68,157.0,241.19,C,0,90
1036,HYD-04,Hydraulics,3.87,289.6,423.2,C,0,90
1037,HYD-05,Hydraulics,7.79,175.36,350.66,C,0,180
1038,HYD-06,Hydraulics,5.78,142.51,202.17,C,1,90
1039,HYD-07,Hydraulics,17.37,231.14,421.37,A,0,90
1040,HYD-08,Hydraulics,3.32,273.02,385.33,C,0,365
