supplier_id,supplier_name,country,tier,lead_time_days,quality_rating,onboard_date,payment_terms_days,min_order_value,is_single_source
1,SUP-01,Turkey,B,18,4.06,2023-04-26,90,1000,0
2,SUP-02,France,B,18,3.38,2023-01-27,30,2500,0
3,SUP-03,India,C,35,2.53,2023-02-08,90,1000,1
4,SUP-04,USA,B,18,4.33,2023-04-12,30,1000,0
5,SUP-05,Germany,B,18,3.79,2023-03-27,60,5000,1
6,SUP-06,USA,A,7,4.68,2023-04-09,90,500,0
7,SUP-07,Turkey,A,7,4.43,2023-01-20,30,500,1
8,SUP-08,Germany,B,18,3.71,2023-12-14,60,5000,0
9,SUP-09,India,A,7,4.35,2023-07-26,45,1000,0
10,SUP-10,France,B,18,4.28,2023-05-25,60,500,0
11,SUP-11,India,C,35,3.67,2023-08-17,90,2500,0
12,SUP-12,France,B,18,3.8,2023-09-18,30,1000,1
13,SUP-13,Turkey,B,18,3.5,2023-05-20,45,1000,0
14,SUP-14,China,A,7,4.96,2023-10-09,45,2500,0
15,SUP-15,France,B,18,3.89,2023-04-05,60,500,0
16,SUP-16,Germany,C,35,2.64,2023-08-20,60,500,0
17,SUP-17,Turkey,A,7,4.97,2023-10-27,90,5000,0
18,SUP-18,Poland,B,18,4.0,2023-02-16,30,2500,0
19,SUP-19,Germany,B,18,4.24,2023-08-04,90,5000,1
20,SUP-20,France,A,7,4.73,2023-03-19,60,1000,0
