trip_id,truck_id,dispatch_date,origin_city,destination_city,weight_lbs,next_trip_id,next_origin_city,next_destination_city,next_weight_lbs,days_to_next_dispatch
TRIP00000024,TRK00001,2022-01-01,Las Vegas,Dallas,19601,TRIP00000040,Philadelphia,Seattle,15118.0,0.0
TRIP00000040,TRK00001,2022-01-01,Philadelphia,Seattle,15118,TRIP00000160,Houston,Portland,11545.0,2.0
TRIP00000160,TRK00001,2022-01-03,Houston,Portland,11545,TRIP00000324,Chicago,Las Vegas,28264.0,2.0
TRIP00000324,TRK00001,2022-01-05,Chicago,Las Vegas,28264,TRIP00000660,Memphis,Los Angeles,22881.0,4.0
TRIP00000660,TRK00001,2022-01-09,Memphis,Los Angeles,22881,TRIP00000785,New York,Columbus,39841.0,1.0
TRIP00000785,TRK00001,2022-01-10,New York,Columbus,39841,TRIP00000812,Philadelphia,Seattle,42048.0,1.0
TRIP00000812,TRK00001,2022-01-11,Philadelphia,Seattle,42048,TRIP00000955,Houston,Portland,20662.0,2.0
TRIP00000955,TRK00001,2022-01-13,Houston,Portland,20662,TRIP00001089,Chicago,Portland,24663.0,1.0
TRIP00001089,TRK00001,2022-01-14,Chicago,Portland,24663,TRIP00001244,New York,Philadelphia,35776.0,2.0
TRIP00001244,TRK00001,2022-01-16,New York,Philadelphia,35776,TRIP00001367,Miami,Seattle,29668.0,2.0
TRIP00001367,TRK00001,2022-01-18,Miami,Seattle,29668,TRIP00001494,Minneapolis,Atlanta,14031.0,1.0
TRIP00001494,TRK00001,2022-01-19,Minneapolis,Atlanta,14031,TRIP00001580,Charlotte,Portland,15128.0,1.0
TRIP00001580,TRK00001,2022-01-20,Charlotte,Portland,15128,TRIP00001597,Charlotte,Portland,25912.0,0.0
TRIP00001597,TRK00001,2022-01-20,Charlotte,Portland,25912,TRIP00001652,Philadelphia,New York,38043.0,1.0
TRIP00001652,TRK00001,2022-01-21,Philadelphia,New York,38043,TRIP00001904,Phoenix,Kansas City,17393.0,3.0
TRIP00001904,TRK00001,2022-01-24,Phoenix,Kansas City,17393,TRIP00001974,Atlanta,Chicago,35802.0,1.0
TRIP00001974,TRK00001,2022-01-25,Atlanta,Chicago,35802,TRIP00001988,Miami,Seattle,33731.0,0.0
TRIP00001988,TRK00001,2022-01-25,Miami,Seattle,33731,TRIP00002109,Charlotte,Portland,39300.0,2.0
TRIP00002109,TRK00001,2022-01-27,Charlotte,Portland,39300,TRIP00002254,Kansas City,Portland,19317.0,2.0
TRIP00002254,TRK00001,2022-01-29,Kansas City,Portland,19317,TRIP00002275,Kansas City,Charlotte,41828.0,0.0
TRIP00002275,TRK00001,2022-01-29,Kansas City,Charlotte,41828,TRIP00002326,Kansas City,Los Angeles,23974.0,1.0
TRIP00002326,TRK00001,2022-01-30,Kansas City,Los Angeles,23974,TRIP00002487,Kansas City,Charlotte,35494.0,2.0
TRIP00002487,TRK00001,2022-02-01,Kansas City,Charlotte,35494,TRIP00002504,Columbus,Philadelphia,17367.0,0.0
TRIP00002504,TRK00001,2022-02-01,Columbus,Philadelphia,17367,TRIP00002524,Portland,Detroit,30123.0,0.0
TRIP00002524,TRK00001,2022-02-01,Portland,Detroit,30123,TRIP00002690,Las Vegas,Kansas City,15178.0,2.0
TRIP00002690,TRK00001,2022-02-03,Las Vegas,Kansas City,15178,TRIP00002699,Houston,Detroit,35683.0,1.0
TRIP00002699,TRK00001,2022-02-04,Houston,Detroit,35683,TRIP00002733,Philadelphia,Seattle,14829.0,0.0
TRIP00002733,TRK00001,2022-02-04,Philadelphia,Seattle,14829,TRIP00002753,Charlotte,Portland,21508.0,0.0
TRIP00002753,TRK00001,2022-02-04,Charlotte,Portland,21508,TRIP00002898,Detroit,Houston,32647.0,2.0
TRIP00002898,TRK00001,2022-02-06,Detroit,Houston,32647,TRIP00003020,New York,Columbus,43968.0,2.0
TRIP00003020,TRK00001,2022-02-08,New York,Columbus,43968,TRIP00003041,Charlotte,Denver,18332.0,0.0
TRIP00003041,TRK00001,2022-02-08,Charlotte,Denver,18332,TRIP00003145,Philadelphia,New York,41080.0,2.0
TRIP00003145,TRK00001,2022-02-10,Philadelphia,New York,41080,TRIP00003156,Houston,Detroit,43141.0,0.0
TRIP00003156,TRK00001,2022-02-10,Houston,Detroit,43141,TRIP00003165,Las Vegas,Kansas City,28614.0,0.0
TRIP00003165,TRK00001,2022-02-10,Las Vegas,Kansas City,28614,TRIP00003275,Chicago,Portland,40731.0,1.0
TRIP00003275,TRK00001,2022-02-11,Chicago,Portland,40731,TRIP00003437,Miami,Dallas,25356.0,2.0
TRIP00003437,TRK00001,2022-02-13,Miami,Dallas,25356,TRIP00003479,Kansas City,Portland,30907.0,1.0
TRIP00003479,TRK00001,2022-02-14,Kansas City,Portland,30907,TRIP00003772,Philadelphia,New York,15073.0,3.0
TRIP00003772,TRK00001,2022-02-17,Philadelphia,New York,15073,TRIP00003828,Minneapolis,Houston,38619.0,1.0
TRIP00003828,TRK00001,2022-02-18,Minneapolis,Houston,38619,TRIP00003928,Miami,Philadelphia,38612.0,1.0
TRIP00003928,TRK00001,2022-02-19,Miami,Philadelphia,38612,TRIP00004034,Kansas City,Miami,17474.0,1.0
TRIP00004034,TRK00001,2022-02-20,Kansas City,Miami,17474,TRIP00004160,Charlotte,Denver,11330.0,2.0
TRIP00004160,TRK00001,2022-02-22,Charlotte,Denver,11330,TRIP00004163,Miami,Denver,20552.0,0.0
TRIP00004163,TRK00001,2022-02-22,Miami,Denver,20552,TRIP00004186,Columbus,Portland,37626.0,0.0
TRIP00004186,TRK00001,2022-02-22,Columbus,Portland,37626,TRIP00004377,Portland,Columbus,43485.0,3.0
TRIP00004377,TRK00001,2022-02-25,Portland,Columbus,43485,TRIP00004394,Seattle,Indianapolis,29631.0,0.0
TRIP00004394,TRK00001,2022-02-25,Seattle,Indianapolis,29631,TRIP00004457,Miami,Denver,28552.0,1.0
TRIP00004457,TRK00001,2022-02-26,Miami,Denver,28552,TRIP00004480,Philadelphia,Indianapolis,21508.0,0.0
TRIP00004480,TRK00001,2022-02-26,Philadelphia,Indianapolis,21508,TRIP00004779,Minneapolis,Los Angeles,24743.0,4.0
TRIP00004779,TRK00001,2022-03-02,Minneapolis,Los Angeles,24743,TRIP00004883,Miami,Denver,39022.0,1.0
TRIP00004883,TRK00001,2022-03-03,Miami,Denver,39022,TRIP00004894,New York,Philadelphia,37750.0,0.0
TRIP00004894,TRK00001,2022-03-03,New York,Philadelphia,37750,TRIP00004958,New York,Philadelphia,15240.0,1.0
TRIP00004958,TRK00001,2022-03-04,New York,Philadelphia,15240,TRIP00005008,Seattle,Houston,38336.0,1.0
TRIP00005008,TRK00001,2022-03-05,Seattle,Houston,38336,TRIP00005047,Portland,Detroit,38268.0,0.0
TRIP00005047,TRK00001,2022-03-05,Portland,Detroit,38268,TRIP00005088,Phoenix,Philadelphia,15629.0,1.0
TRIP00005088,TRK00001,2022-03-06,Phoenix,Philadelphia,15629,TRIP00005121,Minneapolis,Houston,38121.0,0.0
TRIP00005121,TRK00001,2022-03-06,Minneapolis,Houston,38121,TRIP00005142,Seattle,Indianapolis,22065.0,0.0
TRIP00005142,TRK00001,2022-03-06,Seattle,Indianapolis,22065,TRIP00005193,Seattle,Charlotte,43180.0,1.0
TRIP00005193,TRK00001,2022-03-07,Seattle,Charlotte,43180,TRIP00005289,Houston,Seattle,23549.0,1.0
TRIP00005289,TRK00001,2022-03-08,Houston,Seattle,23549,TRIP00005303,Columbus,Portland,10439.0,1.0
TRIP00005303,TRK00001,2022-03-09,Columbus,Portland,10439,TRIP00005538,Dallas,New York,18280.0,3.0
TRIP00005538,TRK00001,2022-03-12,Dallas,New York,18280,TRIP00005585,Memphis,Los Angeles,36173.0,0.0
TRIP00005585,TRK00001,2022-03-12,Memphis,Los Angeles,36173,TRIP00005849,Houston,Portland,42849.0,4.0
TRIP00005849,TRK00001,2022-03-16,Houston,Portland,42849,TRIP00005944,Charlotte,Memphis,24314.0,1.0
TRIP00005944,TRK00001,2022-03-17,Charlotte,Memphis,24314,TRIP00005994,Detroit,Houston,15310.0,1.0
TRIP00005994,TRK00001,2022-03-18,Detroit,Houston,15310,TRIP00006063,Columbus,Kansas City,39622.0,1.0
TRIP00006063,TRK00001,2022-03-19,Columbus,Kansas City,39622,TRIP00006119,Minneapolis,Los Angeles,25889.0,1.0
TRIP00006119,TRK00001,2022-03-20,Minneapolis,Los Angeles,25889,TRIP00006247,Phoenix,Kansas City,35155.0,2.0
TRIP00006247,TRK00001,2022-03-22,Phoenix,Kansas City,35155,TRIP00006352,Las Vegas,New York,32269.0,1.0
TRIP00006352,TRK00001,2022-03-23,Las Vegas,New York,32269,TRIP00006384,Houston,Seattle,26390.0,0.0
TRIP00006384,TRK00001,2022-03-23,Houston,Seattle,26390,TRIP00006441,Seattle,Houston,34422.0,1.0
TRIP00006441,TRK00001,2022-03-24,Seattle,Houston,34422,TRIP00006464,Minneapolis,Houston,40552.0,0.0
TRIP00006464,TRK00001,2022-03-24,Minneapolis,Houston,40552,TRIP00006492,Minneapolis,Atlanta,27341.0,1.0
TRIP00006492,TRK00001,2022-03-25,Minneapolis,Atlanta,27341,TRIP00006584,Kansas City,Atlanta,39927.0,1.0
TRIP00006584,TRK00001,2022-03-26,Kansas City,Atlanta,39927,TRIP00006592,Minneapolis,Los Angeles,24493.0,0.0
TRIP00006592,TRK00001,2022-03-26,Minneapolis,Los Angeles,24493,TRIP00006606,Las Vegas,New York,32337.0,0.0
TRIP00006606,TRK00001,2022-03-26,Las Vegas,New York,32337,TRIP00006682,Phoenix,Kansas City,40737.0,1.0
TRIP00006682,TRK00001,2022-03-27,Phoenix,Kansas City,40737,TRIP00006749,Chicago,Las Vegas,37265.0,1.0
TRIP00006749,TRK00001,2022-03-28,Chicago,Las Vegas,37265,TRIP00006920,Philadelphia,New York,35919.0,2.0
TRIP00006920,TRK00001,2022-03-30,Philadelphia,New York,35919,TRIP00006963,Portland,Detroit,20965.0,1.0
TRIP00006963,TRK00001,2022-03-31,Portland,Detroit,20965,TRIP00006975,Las Vegas,Dallas,25550.0,0.0
TRIP00006975,TRK00001,2022-03-31,Las Vegas,Dallas,25550,TRIP00007005,Columbus,Los Angeles,12346.0,0.0
TRIP00007005,TRK00001,2022-03-31,Columbus,Los Angeles,12346,TRIP00007025,Kansas City,Portland,32924.0,1.0
TRIP00007025,TRK00001,2022-04-01,Kansas City,Portland,32924,TRIP00007041,Chicago,Charlotte,40322.0,0.0
TRIP00007041,TRK00001,2022-04-01,Chicago,Charlotte,40322,TRIP00007166,Miami,Seattle,14612.0,1.0
TRIP00007166,TRK00001,2022-04-02,Miami,Seattle,14612,TRIP00007464,Philadelphia,Indianapolis,32081.0,4.0
TRIP00007464,TRK00001,2022-04-06,Philadelphia,Indianapolis,32081,TRIP00007513,Miami,Dallas,29763.0,1.0
TRIP00007513,TRK00001,2022-04-07,Miami,Dallas,29763,TRIP00007541,Kansas City,Los Angeles,26857.0,0.0
TRIP00007541,TRK00001,2022-04-07,Kansas City,Los Angeles,26857,TRIP00007660,Columbus,Portland,36492.0,2.0
TRIP00007660,TRK00001,2022-04-09,Columbus,Portland,36492,TRIP00007918,Charlotte,Memphis,29874.0,3.0
TRIP00007918,TRK00001,2022-04-12,Charlotte,Memphis,29874,TRIP00007947,Charlotte,Portland,43343.0,1.0
TRIP00007947,TRK00001,2022-04-13,Charlotte,Portland,43343,TRIP00008182,New York,Columbus,30982.0,3.0
TRIP00008182,TRK00001,2022-04-16,New York,Columbus,30982,TRIP00008339,Dallas,Denver,40991.0,1.0
TRIP00008339,TRK00001,2022-04-17,Dallas,Denver,40991,TRIP00008382,Phoenix,Philadelphia,28627.0,1.0
TRIP00008382,TRK00001,2022-04-18,Phoenix,Philadelphia,28627,TRIP00008451,Charlotte,Denver,16016.0,1.0
TRIP00008451,TRK00001,2022-04-19,Charlotte,Denver,16016,TRIP00008498,Philadelphia,Seattle,31700.0,0.0
TRIP00008498,TRK00001,2022-04-19,Philadelphia,Seattle,31700,TRIP00008759,New York,Philadelphia,32895.0,3.0
TRIP00008759,TRK00001,2022-04-22,New York,Philadelphia,32895,TRIP00008865,Philadelphia,Seattle,11765.0,2.0
TRIP00008865,TRK00001,2022-04-24,Philadelphia,Seattle,11765,TRIP00009046,Las Vegas,New York,13769.0,2.0
TRIP00009046,TRK00001,2022-04-26,Las Vegas,New York,13769,TRIP00009125,Houston,Portland,38572.0,1.0
